	agg_subscribers	agg_accounts_active	agg_comment_score_hide_mins	show_media	over_18	submission_type	lang	subreddit_type	advertiser_category	accounts_active_is_fuzzed
agg_score	[0.0, 0.13838908824574053]	[0.0, 0.10864227654310385]	[0.0, 0.019674921786169596]	[0.0, 0.08435671432779426]	[0.0, 0.12385215418608773]	[0.0, 0.14529445497029314]	[0.0, 0.027516903713843657]	[0.0, 0.04616656437807722]	[0.0, 0.05539637391203366]	[0.0, 0.1418960085705434]
agg_num_comments	[0.0, 0.10363981653759964]	[0.0, 0.10858220111398205]	[0.0, 0.054004903573609445]	[0.0, 0.023410566529188204]	[0.0, 0.06499426549312465]	[0.0, 0.03579724815100616]	[0.0, 0.01960261921702101]	[0.0, 0.041005644923132294]	[0.0, 0.08596850529093295]	[0.0, 0.16357526180928914]
agg_gilded	[9.5650226677721251e-202, 0.010155249799601354]	[1.3235268402513115e-174, 0.009483784065902948]	[1.6985390635468318e-14, 0.0037466351037489312]	[0.64936608059384104, 0.0012599667346837136]	[3.1583711777814142e-06, 0.0034394184068133556]	[2.0524217378667783e-24, 0.004665702024597602]	[0.999999999999999, 0.0028247236377898]	[1.1747423217598636e-17, 0.0034723716984679963]	[5.8410979599802476e-104, 0.008266323219362907]	[4.5402972329740649e-167, 0.015737153082586896]
media_attached	[0.0, 0.17400723317374453]	[0.0, 0.18138568509146136]	[0.0, 0.1652135044213172]	[0.0, 0.30794263544111555]	[0.0, 0.9197204391983512]	[0.0, 0.4259554984653352]	[0.0, 0.08114106716799298]	[0.0, 0.06586735126560589]	[0.0, 0.12815285188941952]	[0.0, 0.2176931997919494]
weekday	[9.6396758009523843e-55, 0.005897717497292165]	[5.3566727291397212e-55, 0.005908900392803847]	[2.964471267505532e-149, 0.010929257524169539]	[3.6843142177393037e-57, 0.009738578945010004]	[1.4389331112496436e-75, 0.01105260625365581]	[1.2714878804374946e-184, 0.012058810569584973]	[3.2481098789809185e-145, 0.008846559579272996]	[6.5269110950372721e-12, 0.003376340424415541]	[2.9000311286399874e-298, 0.009501377267562021]	[1.6628767633568837e-08, 0.00442638077183168]
hour	[0.0, 0.02212730136443546]	[0.0, 0.024112331642270966]	[0.0, 0.022369217063583493]	[3.6004772304363256e-19, 0.0077089823164691925]	[0.0, 0.02495669028223764]	[0.0, 0.031134324586487627]	[0.0, 0.020482314391347345]	[0.0, 0.018260143786596805]	[0.0, 0.01657164167421236]	[7.239868989630926e-244, 0.020231599511589936]
cal_date	[0.0, 0.01585991248767553]	[0.0, 0.014899298589608725]	[0.0, 0.01672799640225049]	[1.2634923614839894e-134, 0.01605814929152866]	[0.0, 0.03066817386263899]	[5.8870411580966982e-302, 0.016468824280496067]	[0.0, 0.008440568391060593]	[1.6651557594604543e-42, 0.007014641300566703]	[0.0, 0.01094699147833633]	[6.2842470749964816e-53, 0.011293259373095197]
over_18	[0.0, 0.08508212145373535]	[0.0, 0.072016207077825]	[0.0, 0.09625147897226752]	[0.0, 0.06626772500707029]	null	[0.0, 0.1122106019030396]	[0.0, 0.05831516649880915]	[0.0, 0.04352611491962257]	[0.0, 0.17669561377823198]	[0.0, 0.04009639638788695]
is_self	[0.0, 0.149805467869016]	[0.0, 0.18762706698829273]	[0.0, 0.20618393619800338]	[0.0, 0.27446365384734905]	[0.0, 0.15213349820161]	[0.0, 0.5422142653454961]	[0.0, 0.17847461593819477]	[0.0, 0.030170611324185477]	[0.0, 0.22419606829801492]	[0.0, 0.1266035811992655]
